Value,Number of indicators
"BirdLife International (BLI)
International Union for Conservation of Nature (IUCN)
UN Environment Programme World Conservation Monitoring Centre (UNEP-WCMC)
UN Environment Programme",3
"Division for Ocean Affairs and the Law of the Sea (DOALOS), Office of Legal Affairs (OLA), United Nations Secretariat",1
"Financing for Sustainable Development Office (FSDO), United Nations Department of Economic and Social Affairs (UN-DESA)
",2
Food and Agriculture Organization of the United Nations (FAO) ,1
Food and Agriculture Organization of the United Nations (FAO),6
"Institutional information: The World Bank is the official custodian for this indicator. This metadata documentation was developed and agreed upon by the three institutional data providers, Commitment to Equity (CEQ) Institute, OECD and The World Bank (WB).",1
Inter-Parliamentary Union (IPU),1
Intergovernmental Oceanographic Commission (IOC) of UNESCO,1
Intergovernmental Oceanographic Commission of UNESCO (IOC-UNESCO),1
International Civil Aviation Organization (ICAO); International Transport Forum (ITF); United Nations Conference on Trade and Development (UNCTAD).,1
"International Energy Agency (IEA) 
United Nations Statistics Division (UNSD) 
International Renewable Energy Agency (IRENA)",1
"International Energy Agency (IEA) 
United Nations Statistics Division (UNSD)",1
"International Energy Agency (IEA)
United Nations Industrial Development Organization (UNIDO)",1
International Forum on TOSSD (independent entity hosted by the OECD) and the United Nations Trade and Development (UNCTAD),1
International Labour Organisation (ILO),1
International Labour Organization (ILO) and World Bank (WB),1
International Labour Organization (ILO) ,2
International Labour Organization (ILO),6
International Monetary Fund (IMF) Statistics Department (Government Finance Division),2
International Monetary Fund (IMF),1
International Monetary Fund (STAFI - Financial Access Survey Team) ,1
International Organization for Migration (IOM) and United Nations Department of Economic and Social Affairs (DESA) as custodian agencies,1
International Organization for Migration (IOM),1
International Renewable Energy Agency (IRENA),2
International Telecommunication Union (ITU),3
"International Trade Centre (ITC)
United Nations Conference on Trade and Development (UNCTAD)
The World Trade Organization (WTO)",4
International Union for Conservation of Nature (IUCN),2
"Office of the United Nations High Commissioner for Human Rights (OHCHR) United Nations Educational, Scientific and Cultural Organization (UNESCO) International Labour Organization (ILO)",1
Office of the United Nations High Commissioner for Human Rights (OHCHR),3
Open Data Watch (ODW),1
Organisation for Economic Co-operation and Development (OECD) ,1
Organisation for Economic Co-operation and Development (OECD) and International Renewable Energy Agency (IRENA),1
"Organisation for Economic Co-operation and Development (OECD)
United Nations Development Programme (UNDP)",2
Organisation for Economic Co-operation and Development (OECD),4
Organisation for Economic Cooperation and Development (OECD),2
Partnership in Statistics for Development in the 21st Century (PARIS21),3
Secretariat of the Convention on Biological Diversity (CBD),1
The Food and Agriculture Organization of the United Nations (FAO),1
The World Tourism Organization (UN Tourism) with the collaboration of the International Labour Organization (ILO).,1
The World Tourism Organization (UN Tourism),2
UN-Habitat (Custodian agency). OECD supporting agency.,1
UNDP Oslo Governance Centre,1
"UNESCO Education Sector, Division for Peace and Sustainable Development, Section of Education for Sustainable Development (UNESCO-ED/PSD/ESD)
UNESCO Institute for Statistics (UNESCO-UIS)
Global Education Monitoring Report",2
UNESCO Institute for Statistics (UIS) ,1
UNESCO Institute for Statistics (UIS),2
United Nations Children&apos;s Fund (UNICEF),3
"United Nations Children&apos;s Fund (UNICEF)
International Labour Organization (ILO)",1
"United Nations Conference on Trade and Development (UNCTAD)
United Nations Environment Programme (UNEP)",1
United Nations Conference on Trade and Development (UNCTAD),1
"United Nations Convention to Combat Desertification (UNCCD) and partners, including: Conservation International (CI), European Space Agency (ESA), Food and Agriculture Organization of the United Nations (FAO), Group on Earth Observation Land Degradation Neutrality Initiative (GEO-LDN), International Soil Reference and Information Centre (ISRIC), International Union for Conservation of Nature (IUCN), Joint Research Centre of the European Commission (JRC), United Nations Statistics Division (UNSD), United Nations Development Programme (UNDP), United Nations Environment (UNEP), World Resources Institute (WRI), United Nations Framework Convention on Climate Change (UNFCCC) and Convention on Biological Diversity (CBD).",1
United Nations Development Programme (UNDP) ,1
"United Nations Development Programme (UNDP), United Nations Office on Drugs and Crime (UNODC) and Organization for Economic Cooperation and Development (OECD)",1
"United Nations Educational, Scientific and Cultural Organization (UNESCO)",1
"United Nations Environment Programme (UNEP), Convention on Biological Diversity (CBD), United Nations Statistics Division (UNSD) ",1
"United Nations Environment Programme (UNEP), United Nations Statistics Division (UNSD), United Nations Institute for Training and Research (UNITAR)",2
United Nations Environment Programme (UNEP),11
"United Nations Environment Programme (UNEP)
The Organisation for Economic Co-operation and Development (OECD)",1
United Nations Framework Convention on Climate Change (UNFCCC Secretariat),4
United Nations High Commissioner for Refugees (UNHCR),1
United Nations Human Settlements Programme (UN-Habitat) ,1
"United Nations Human Settlements Programme (UN-Habitat)
United Nations Population Fund (UNFPA)",1
"United Nations Human Settlements Programme (UN-Habitat)
United Nations Statistics Division (UNSD)",1
United Nations Human Settlements Programme (UN-Habitat),4
"United Nations Industrial Development Organization (UNIDO)
(with the collaboration of the International Labour Organization &#x2013; ILO)",1
"United Nations Industrial Development Organization (UNIDO)
World Bank",1
United Nations Industrial Development Organization (UNIDO),3
United Nations Office for Disaster Reduction (UNDRR),8
United Nations Office of the High Commissioner for Human Rights,1
United Nations Office on Drugs and Crime (UNODC) and United Nations Conference on Trade and Development (UNCTAD),1
United Nations Office on Drugs and Crime (UNODC) and United Nations Office for Disarmement Affairs (UNODA),1
"United Nations Office on Drugs and Crime (UNODC), World Health Organization (WHO)",1
United Nations Office on Drugs and Crime (UNODC),8
"United Nations Office on Drugs and Crime (UNODC)
",1
United Nations Statistics Division (UNSD),2
World Bank Group,1
World Bank ,1
World Bank (WB),6
World Bank,4
World Health Organization (WHO),2
